egg_id,day,HU,weight_g,R,S,T,U,V,W
1,1,87.27,59.87,0,108,69,38,19,0
2,1,87.34,59.91,0,116,68,38,19,0
3,1,86.29,59.99,0,101,71,34,18,0
4,1,87.95,60.56,0,119,75,44,22,0
5,1,87.6,60.83,0,100,65,37,18,0
6,1,87.45,60.07,0,107,70,36,19,0
7,1,85.7,60.66,0,95,58,30,14,0
8,1,85.16,60.48,0,93,61,35,17,0
9,1,85.79,60.22,0,81,58,34,14,0
10,1,86.4,60.1,0,93,61,34,17,0
11,1,85.74,60.04,0,127,77,40,21,0
12,1,88.79,60.53,0,97,65,34,16,0
13,1,86.44,61.24,0,89,58,30,14,0
14,1,85.85,60.25,0,112,69,38,19,0
15,1,87.11,59.84,0,96,59,35,17,0
16,1,85.63,60.15,0,102,55,36,16,0
17,1,86.61,60.87,0,103,68,36,18,0
18,1,86.03,60.61,0,95,64,36,18,0
19,1,85.57,60.18,0,101,71,34,18,0
20,1,88.97,59.59,0,107,72,39,21,0
21,1,86.98,60.05,0,110,73,39,19,0
22,1,87.67,60.05,0,91,59,31,16,0
23,1,87.61,59.57,0,120,74,40,20,0
24,1,85.63,60.37,0,120,79,41,23,0
25,1,86.35,60.5,0,108,74,35,20,0
26,1,87.07,60.86,0,98,62,32,14,0
27,1,86.09,60.85,0,97,62,33,16,0
28,1,87.86,61.38,0,83,57,30,16,0
29,1,88.48,60.25,0,87,56,32,15,0
30,1,86.87,60.61,0,89,65,30,16,0
31,2,85.06,60.96,0,93,57,29,15,0
32,2,85.98,60.22,0,100,59,36,16,0
33,2,86.07,60.07,0,101,66,33,19,0
34,2,85.25,61.15,0,102,65,33,18,0
35,2,83.31,59.92,0,101,66,35,18,0
36,2,84.52,59.81,0,85,54,30,15,0
37,2,83.62,60.34,0,107,63,29,17,0
38,2,83.97,59.92,0,109,62,31,17,0
39,2,86.17,60.06,0,114,63,35,18,0
40,2,86.43,60.51,0,93,57,29,17,0
41,2,85.1,60.22,0,87,68,32,17,0
42,2,85.71,60.16,0,135,74,38,20,0
43,2,83.28,59.49,0,103,60,35,18,0
44,2,86.56,60.72,0,114,68,38,20,0
45,2,82.48,59.85,0,83,60,28,15,0
46,2,84.15,60.37,0,93,60,28,16,0
47,2,84.02,59.76,0,112,59,36,17,0
48,2,87.84,60.66,0,88,66,30,17,0
49,2,86.46,60.73,0,93,70,35,18,0
50,2,85.58,59.66,0,119,74,40,19,0
51,2,85.34,60.92,0,101,70,39,18,0
52,2,85.83,60.1,0,92,57,29,14,0
53,2,87.08,58.91,0,97,63,38,20,0
54,2,85.67,60.58,0,125,86,44,23,0
55,2,84.22,59.58,0,89,60,33,18,0
56,2,85.48,60.25,0,90,58,35,15,0
57,2,84.97,60.4,0,96,61,32,16,0
58,2,85.59,59.78,0,95,62,33,15,0
59,2,85.28,61.41,0,95,65,33,16,0
60,2,85.78,60.86,0,104,66,31,18,0
61,3,83.37,61.55,0,88,59,31,17,0
62,3,84.29,60.65,0,77,55,29,15,0
63,3,83.61,60.05,0,100,67,34,18,0
64,3,84,60.5,0,96,60,34,17,0
65,3,84.53,60.65,0,73,50,24,12,0
66,3,85.05,60.69,0,81,52,27,14,0
67,3,82.21,61.12,0,94,59,27,17,0
68,3,82.55,60.19,0,90,54,26,14,0
69,3,81.99,60.67,0,91,62,31,17,0
70,3,84.68,59.71,0,104,63,33,17,0
71,3,82.71,60.56,0,92,59,28,16,0
72,3,85.67,60.35,0,81,58,33,16,0
73,3,85.25,60.46,0,95,52,29,14,0
74,3,86.34,60.09,0,85,52,31,16,0
75,3,84.82,60.31,0,80,54,28,15,0
76,3,82.62,59.59,0,85,54,30,15,0
77,3,82.21,59.32,0,77,48,25,12,0
78,3,82.54,59.66,0,97,65,30,16,0
79,3,81.65,60.22,0,80,48,27,13,0
80,3,83.42,60.29,0,95,64,32,16,0
81,3,83.72,60.97,0,73,49,24,11,0
82,3,83.14,59.68,0,88,46,30,14,0
83,3,84.53,60.63,0,109,72,39,20,0
84,3,81.56,59.72,0,104,74,33,18,0
85,3,84.42,59.91,0,94,68,35,17,0
86,3,85.19,59.36,0,108,68,36,16,0
87,3,84.23,60.47,0,106,69,34,18,0
88,3,84.6,59.28,0,102,69,36,20,0
89,3,84.67,60.08,0,108,77,39,20,0
90,3,82.82,60.77,0,96,59,34,15,0
91,4,83,59.49,0,112,64,36,18,0
92,4,85.72,60.3,0,101,71,33,17,0
93,4,84.08,60.24,0,64,49,24,12,0
94,4,83.73,59.5,0,90,58,32,17,0
95,4,81.63,60.98,0,93,60,32,14,0
96,4,81.5,60.97,0,86,54,36,16,0
97,4,83.87,59.61,0,103,68,37,20,0
98,4,81.38,60.56,0,92,58,33,16,0
99,4,81.36,59.62,0,85,52,28,13,0
100,4,83.94,59.03,0,90,54,33,16,0
101,4,82.26,59.85,0,102,59,34,16,0
102,4,82.77,60.13,0,87,57,26,14,0
103,4,83.57,60.9,0,94,55,31,16,0
104,4,83.86,60.26,0,86,52,30,15,0
105,4,84.28,60.55,0,78,56,28,17,0
106,4,82.81,60.25,0,93,58,33,15,0
107,4,81.06,59.96,0,96,60,33,16,0
108,4,81.85,61.56,0,80,62,31,15,0
109,4,83.4,60.19,0,84,55,26,15,0
110,4,81.76,60.29,0,83,61,30,16,0
111,4,83.21,59.53,0,93,59,31,18,0
112,4,85.67,59.69,0,85,57,32,18,0
113,4,81.87,60.29,0,73,47,28,12,0
114,4,84.2,60.86,0,76,48,25,13,0
115,4,82.44,60.5,0,90,56,26,15,0
116,4,81.85,60.62,0,103,65,35,19,0
117,4,83.55,60.28,0,81,55,26,15,0
118,4,79.65,60.27,0,74,50,25,14,0
119,4,80.98,61.03,0,103,64,33,16,0
120,4,83.52,61.25,0,84,62,32,19,0
121,5,77.27,60.04,0,80,51,23,16,0
122,5,79.33,60.47,0,76,62,29,17,0
123,5,80.42,59.53,0,85,51,30,16,0
124,5,79.48,59.75,0,67,44,24,15,0
125,5,77.84,59.83,0,83,55,29,15,0
126,5,80.86,60.14,0,82,58,29,15,0
127,5,80.76,59.88,0,86,53,27,16,0
128,5,80.63,60.41,0,101,55,31,19,0
129,5,81.44,59.49,0,103,63,36,17,0
130,5,78.5,59.38,0,89,57,30,17,0
131,5,79.01,60.35,0,91,57,33,16,0
132,5,82.24,61.76,0,81,54,33,16,0
133,5,81.95,60.17,0,85,58,30,16,0
134,5,79.13,60.41,0,95,57,30,16,0
135,5,81.73,60.24,0,84,61,31,16,0
136,5,78.93,59.75,0,93,58,30,16,0
137,5,80.57,59.74,0,98,57,30,15,0
138,5,79.97,60.33,0,94,69,31,16,0
139,5,80.69,60.16,0,115,69,37,19,0
140,5,82.45,60.54,0,76,48,27,14,0
141,5,81.26,60.52,0,75,48,28,16,0
142,5,79.1,59.64,0,86,55,29,15,0
143,5,80.06,59.94,0,95,63,31,16,0
144,5,80.64,59.77,0,89,58,30,14,0
145,5,79.11,59.62,0,85,53,31,15,0
146,5,80.42,60.83,0,68,47,27,14,0
147,5,80.71,60.08,0,90,57,29,17,0
148,5,78.58,61.23,0,82,53,28,16,0
149,5,81.17,60.82,0,102,60,32,16,0
150,5,81.05,59.92,0,105,67,35,19,0
151,6,82.35,59.98,0,88,57,32,16,0
152,6,79.39,60.11,0,84,53,27,14,0
153,6,78.74,59.75,0,100,62,29,17,0
154,6,81.35,59.58,0,88,51,29,14,0
155,6,78.47,58.79,0,88,59,29,15,0
156,6,80.68,60.1,0,69,40,23,12,0
157,6,79.42,59.74,0,61,43,22,13,0
158,6,78.05,60.47,0,70,41,24,11,0
159,6,80.54,59.57,0,80,57,29,14,0
160,6,82.91,59.92,0,78,53,27,15,0
161,6,76.13,59.44,0,70,45,26,12,0
162,6,79.88,59.63,0,75,54,28,15,0
163,6,79,60.58,0,83,49,26,14,0
164,6,79.73,60.8,0,96,56,31,16,0
165,6,81.15,60.43,0,69,49,24,13,0
166,6,79.81,60.26,0,81,49,30,15,0
167,6,78.93,59.86,0,84,52,24,14,0
168,6,81.15,60.95,0,95,53,30,16,0
169,6,81.21,60.23,0,79,57,30,15,0
170,6,79.12,60.9,0,97,57,28,15,0
171,6,78.18,60.9,0,79,52,26,15,0
172,6,76.21,59.75,0,92,51,29,15,0
173,6,77.77,60.1,0,85,58,28,14,0
174,6,77.55,59.6,0,93,69,29,16,0
175,6,79.4,59.61,0,79,48,28,16,0
176,6,81.15,59.87,0,96,51,32,16,0
177,6,79.21,59.16,0,76,52,30,15,0
178,6,77.71,60.6,0,89,49,30,16,0
179,6,78.79,60.17,0,80,58,29,15,0
180,6,81.76,59.43,0,72,46,25,14,0
181,7,76.17,59.09,0,87,60,30,16,0
182,7,78.52,60.25,0,103,66,33,19,0
183,7,78.42,59.93,0,83,52,29,14,0
184,7,77.65,60.07,0,88,49,29,14,0
185,7,78.42,59.71,0,75,51,24,13,0
186,7,76.83,59.77,0,85,54,28,13,0
187,7,80.45,61.12,0,72,41,23,12,0
188,7,77.23,60.67,0,81,53,31,16,0
189,7,76.18,60.93,0,77,53,32,13,0
190,7,77.6,60.38,0,53,41,23,12,0
191,7,77.5,60.23,0,84,62,28,14,0
192,7,77.63,59.59,0,93,55,32,14,0
193,7,80.52,60.07,0,69,38,21,10,0
194,7,78.94,60.51,0,80,57,27,13,0
195,7,76.3,60.97,0,91,64,32,15,0
196,7,76.98,58.68,0,65,45,22,11,0
197,7,79.76,59.69,0,87,56,28,15,0
198,7,79.97,59.96,0,90,58,30,16,0
199,7,76.72,59.64,0,70,47,22,12,0
200,7,77.07,60.47,0,101,62,36,16,0
201,7,78.14,59.65,0,83,49,27,13,0
202,7,78.28,60.14,0,86,49,28,14,0
203,7,79.78,60.61,0,72,46,24,14,0
204,7,77.77,59.91,0,91,54,25,15,0
205,7,74.74,59.37,0,91,56,28,16,0
206,7,76.44,60.58,0,77,52,26,12,0
207,7,75.43,59.62,0,94,57,30,16,0
208,7,78.37,60.2,0,83,57,29,15,0
209,7,79.21,60.36,0,104,61,34,19,0
210,7,76.05,60.3,0,92,47,27,14,0
211,8,76.51,59.52,0,78,50,26,13,0
212,8,76.57,59.46,0,70,41,22,11,0
213,8,74.23,59.94,0,92,54,29,16,0
214,8,76.48,60.57,0,78,50,23,15,0
215,8,76.13,59.09,0,77,46,24,14,0
216,8,75.27,60.3,0,82,53,30,15,0
217,8,77.31,60.11,0,93,57,32,15,0
218,8,76.5,60.89,0,75,46,25,13,0
219,8,77.44,58.84,0,76,50,26,13,0
220,8,75.67,60.16,0,78,48,26,14,0
221,8,80,60.29,0,81,55,28,15,0
222,8,77.7,60.43,0,69,43,22,11,0
223,8,73.17,59.79,0,82,46,28,14,0
224,8,76.38,60.1,0,101,61,32,16,0
225,8,72.61,60.12,0,68,45,21,9,0
226,8,74.55,59.85,0,69,52,25,13,0
227,8,74.43,60.33,0,75,55,27,13,0
228,8,78.51,60.28,0,79,47,27,14,0
229,8,75.83,60.59,0,73,50,22,12,0
230,8,76.79,59.65,0,88,51,29,14,0
231,8,75.94,59.13,0,91,55,28,15,0
232,8,73.93,60.27,0,116,70,38,20,0
233,8,77.71,60.01,0,80,51,26,13,0
234,8,75.58,60.14,0,96,60,33,15,0
235,8,75.73,60.25,0,77,56,28,14,0
236,8,76.02,60.37,0,61,42,20,12,0
237,8,76.53,60.26,0,72,44,23,12,0
238,8,77.57,59.59,0,88,56,28,15,0
239,8,76.17,59.31,0,81,51,27,14,0
240,8,75.09,58.96,0,76,58,28,16,0
241,9,73.3,59.64,0,78,55,25,14,0
242,9,72.42,60.74,0,85,54,27,13,0
243,9,73.45,60.13,0,71,48,25,14,0
244,9,76.29,59.58,0,74,49,23,13,0
245,9,72.28,60.72,0,79,49,26,13,0
246,9,74.51,59.95,0,79,51,24,14,0
247,9,71.6,59.19,0,88,57,31,15,0
248,9,75.14,61.39,0,91,60,33,16,0
249,9,73.39,59.51,0,70,47,21,13,0
250,9,74.92,59.97,0,81,53,28,14,0
251,9,73.94,59.98,0,79,50,28,14,0
252,9,73.41,60.66,0,77,46,25,13,0
253,9,75.64,60.11,0,85,55,27,14,0
254,9,73.1,59.44,0,82,49,30,11,0
255,9,73.78,60.79,0,73,44,25,12,0
256,9,75.97,58.5,0,72,44,23,12,0
257,9,74.78,60.8,0,74,47,26,13,0
258,9,77.72,59.84,0,73,44,22,12,0
259,9,71,59.89,0,79,52,25,14,0
260,9,72.68,60.33,0,73,46,24,12,0
261,9,75.1,59.32,0,77,51,26,13,0
262,9,73.41,59.27,0,68,39,21,12,0
263,9,74.15,59.05,0,90,66,31,15,0
264,9,73.52,60.06,0,75,51,28,13,0
265,9,75.63,60.14,0,91,55,29,14,0
266,9,74.42,60.66,0,59,39,21,10,0
267,9,73.26,60.66,0,86,53,28,14,0
268,9,77.05,59.57,0,82,51,26,13,0
269,9,75.16,60.6,0,68,46,25,12,0
270,9,75.84,60.09,0,92,57,32,17,0
271,10,72.33,60.71,0,82,48,26,14,0
272,10,72.79,59.21,0,68,51,23,12,0
273,10,70.33,59.35,0,72,49,25,13,0
274,10,71.92,60.36,0,80,49,27,13,0
275,10,69.18,59.76,0,68,40,24,13,0
276,10,71.94,60.44,0,72,53,24,13,0
277,10,73.73,60.12,0,92,57,30,15,0
278,10,71.54,60.18,0,72,42,24,12,0
279,10,74.02,59.71,0,69,46,24,13,0
280,10,72.28,61.68,0,68,54,23,14,0
281,10,71.47,59.57,0,79,46,24,13,0
282,10,72.36,60.16,0,78,51,28,14,0
283,10,70.37,61.18,0,72,53,26,12,0
284,10,72.92,58.98,0,52,42,20,11,0
285,10,72.55,60.05,0,78,53,29,15,0
286,10,70.71,59.5,0,90,57,31,17,0
287,10,72.55,59.41,0,66,44,24,11,0
288,10,71.31,60.42,0,60,42,20,10,0
289,10,73.01,60.52,0,74,48,26,12,0
290,10,68.69,60.32,0,68,45,23,12,0
291,10,73.18,59.74,0,67,43,23,12,0
292,10,68.93,60.06,0,65,49,24,12,0
293,10,72.67,59.37,0,73,50,26,13,0
294,10,71.79,59.9,0,70,47,21,13,0
295,10,72.63,59.07,0,65,47,23,11,0
296,10,73.17,59.78,0,70,50,23,13,0
297,10,72.97,60.14,0,68,40,24,11,0
298,10,72.88,59.92,0,70,44,24,12,0
299,10,69.95,60.67,0,72,50,25,13,0
300,10,71.46,59.33,0,79,51,28,14,0
301,11,69.87,60.27,0,54,37,19,11,0
302,11,69.35,59.68,0,66,43,23,12,0
303,11,71.31,59.81,0,70,49,22,12,0
304,11,71.08,59.94,0,71,50,24,14,0
305,11,69.05,60,0,62,36,19,10,0
306,11,68.99,59.31,0,81,49,27,13,0
307,11,71.68,59.24,0,78,47,24,13,0
308,11,68.25,59.81,0,72,45,22,12,0
309,11,72.36,59.89,0,63,46,22,12,0
310,11,70.04,60.17,0,62,40,21,12,0
311,11,70.97,60.06,0,68,53,28,15,0
312,11,71.26,60.64,0,62,39,21,10,0
313,11,73.34,60.23,0,71,44,23,13,0
314,11,69.5,59.52,0,96,50,28,16,0
315,11,71.68,59.43,0,61,42,18,11,0
316,11,69.58,60.3,0,71,46,23,13,0
317,11,70.37,59.34,0,70,44,25,13,0
318,11,66.66,59.57,0,72,43,26,12,0
319,11,69.44,59.11,0,64,40,20,9,0
320,11,69.77,58.82,0,75,45,25,14,0
321,11,72.95,60.3,0,53,36,21,9,0
322,11,70.27,59.66,0,88,59,29,15,0
323,11,70.22,59.96,0,76,48,27,13,0
324,11,69.68,59.92,0,98,56,28,16,0
325,11,69.99,60.18,0,65,45,25,12,0
326,11,68.52,59.82,0,71,55,27,16,0
327,11,70.54,60.12,0,66,44,24,12,0
328,11,70.76,58.52,0,79,53,28,14,0
329,11,72.43,58.78,0,59,38,20,11,0
330,11,68.2,59.19,0,74,46,24,11,0
331,12,66.3,59.4,0,68,43,22,11,0
332,12,66.72,59.86,0,59,40,19,11,0
333,12,69.16,59.56,0,76,42,23,12,0
334,12,68.96,59.51,0,56,38,17,9,0
335,12,69.04,59.16,0,78,52,27,12,0
336,12,70.29,59.93,0,76,53,26,13,0
337,12,69.06,59.47,0,75,44,24,11,0
338,12,70.18,60.89,0,67,46,23,12,0
339,12,68,59.94,0,58,42,23,11,0
340,12,65.93,60.8,0,60,40,20,10,0
341,12,67.99,60.19,0,69,46,21,12,0
342,12,69.67,59.06,0,61,36,19,10,0
343,12,66.93,59.52,0,54,35,16,8,0
344,12,66.02,59.14,0,63,48,22,12,0
345,12,68.72,60.36,0,64,42,23,11,0
346,12,65.32,60.25,0,65,41,22,11,0
347,12,67.02,59.4,0,80,50,28,14,0
348,12,68.12,60.35,0,81,58,29,15,0
349,12,69.41,59.65,0,74,45,22,12,0
350,12,68.38,59.48,0,81,48,27,13,0
351,12,69.19,59.44,0,71,42,26,13,0
352,12,68.38,59.78,0,76,49,26,15,0
353,12,67.45,58.72,0,64,39,23,12,0
354,12,67.5,59.39,0,70,45,23,11,0
355,12,68.99,60.07,0,83,55,27,13,0
356,12,67,59.54,0,58,40,19,11,0
357,12,65.53,60.5,0,72,47,25,12,0
358,12,68.14,59.27,0,75,48,25,15,0
359,12,67.19,59.7,0,83,52,24,14,0
360,12,69.3,59.21,0,72,46,22,11,0
361,13,65.84,59.45,0,76,52,25,14,0
362,13,65.24,59.88,0,93,51,29,15,0
363,13,66.06,60.44,0,74,46,25,11,0
364,13,64.36,59.33,0,62,43,22,12,0
365,13,67.61,60.18,0,70,39,22,13,0
366,13,65.71,59.86,0,74,42,24,12,0
367,13,66.05,59.85,0,81,54,27,14,0
368,13,66.06,59.56,0,71,51,23,12,0
369,13,64.51,58.8,0,63,41,19,10,0
370,13,66.51,59.82,0,71,50,24,14,0
371,13,67.84,59.55,0,59,39,19,11,0
372,13,66.94,59.1,0,72,55,23,13,0
373,13,64.26,59.68,0,73,46,26,14,0
374,13,67.28,59.61,0,62,42,21,10,0
375,13,66.88,59.11,0,58,38,22,11,0
376,13,65.12,59.3,0,64,43,23,11,0
377,13,64.97,59.29,0,63,44,23,12,0
378,13,65.93,59.47,0,64,45,24,11,0
379,13,66.18,59.67,0,63,37,18,10,0
380,13,67.34,59.03,0,71,40,22,11,0
381,13,66.84,59.97,0,65,42,20,12,0
382,13,66.77,60.17,0,69,42,21,11,0
383,13,65.02,59.39,0,54,37,20,10,0
384,13,66.9,59.51,0,81,47,26,14,0
385,13,65.54,60.49,0,71,52,24,12,0
386,13,62.5,60.06,0,68,51,27,14,0
387,13,63.89,60.07,0,73,46,27,14,0
388,13,66.26,58.62,0,67,41,23,11,0
389,13,67.23,59.39,0,69,41,24,12,0
390,13,65.27,59.15,0,58,39,18,10,0
391,14,63.94,59.3,0,55,32,19,9,0
392,14,60.5,59.84,0,82,56,28,14,0
393,14,64.77,58.69,0,55,43,20,11,0
394,14,66.09,60.05,0,75,42,23,13,0
395,14,66.11,59.15,0,68,48,21,11,0
396,14,66.81,59.57,0,66,48,22,12,0
397,14,62.35,58.98,0,66,47,23,12,0
398,14,67.68,59.74,0,56,41,20,10,0
399,14,67.15,59.89,0,68,44,23,9,0
400,14,65.85,61.02,0,64,38,19,10,0
401,14,63.68,59.48,0,68,45,22,12,0
402,14,63.32,59.48,0,76,48,24,11,0
403,14,65.15,60.74,0,67,45,21,12,0
404,14,64.43,59.6,0,78,44,26,12,0
405,14,64.2,59.95,0,77,48,28,13,0
406,14,66.41,60.53,0,60,38,19,11,0
407,14,62.74,59.11,0,65,40,21,10,0
408,14,64.84,59.97,0,65,40,21,9,0
409,14,63.64,59.87,0,67,44,20,11,0
410,14,63.38,59.59,0,67,42,22,11,0
411,14,63.45,60.46,0,66,40,21,11,0
412,14,63.15,58.82,0,73,48,20,12,0
413,14,65.08,58.73,0,54,33,19,9,0
414,14,65.36,58.9,0,72,45,25,11,0
415,14,65.26,59.19,0,65,47,24,12,0
416,14,63.94,58.97,0,81,49,26,13,0
417,14,65.2,60.54,0,64,41,23,12,0
418,14,63.25,60.76,0,57,34,19,10,0
419,14,62.69,59.45,0,65,42,20,10,0
420,14,64.74,59.49,0,80,52,28,13,0
421,15,61.93,60.67,0,69,46,25,12,0
422,15,60.59,59.97,0,63,44,23,11,0
423,15,61.62,58.44,0,69,43,26,11,0
424,15,63.78,59.73,0,65,39,20,11,0
425,15,60.94,60.51,0,62,36,22,10,0
426,15,60.61,59.7,0,63,38,22,11,0
427,15,63.22,59.16,0,65,41,23,11,0
428,15,62.34,59.23,0,74,45,25,13,0
429,15,63.49,59.58,0,59,39,20,10,0
430,15,60.79,59,0,59,42,19,9,0
431,15,63.81,59.26,0,65,39,22,11,0
432,15,63.06,60.19,0,56,47,21,12,0
433,15,63.23,60.98,0,63,41,21,12,0
434,15,61.01,58.54,0,54,34,17,10,0
435,15,64.14,58.77,0,58,40,18,10,0
436,15,62.63,59.29,0,64,42,22,10,0
437,15,62.99,58.82,0,68,44,25,12,0
438,15,63,59.12,0,76,51,24,14,0
439,15,61.82,59.38,0,81,53,25,13,0
440,15,62.92,59.54,0,65,44,20,11,0
441,15,62.49,60.62,0,58,42,20,10,0
442,15,62.18,58.95,0,60,37,19,10,0
443,15,62.45,59.92,0,50,28,14,8,0
444,15,62.24,60.42,0,70,45,22,11,0
445,15,64.61,59.57,0,62,36,20,11,0
446,15,62.14,59.99,0,65,44,21,10,0
447,15,62.44,58.41,0,70,47,23,12,0
448,15,61.95,58.97,0,63,41,22,12,0
449,15,63.77,59.26,0,62,42,19,10,0
450,15,62.78,60.16,0,69,46,24,11,0
451,16,63.04,58.71,0,70,41,24,12,0
452,16,63.19,57.95,0,55,34,19,9,0
453,16,58.74,59.76,0,63,37,19,11,0
454,16,60.9,59.83,0,46,33,17,9,0
455,16,61.05,59.72,0,75,49,27,13,0
456,16,61.94,58.77,0,59,37,20,11,0
457,16,62.44,59.18,0,69,37,21,10,0
458,16,60.53,59.26,0,53,36,18,9,0
459,16,61.03,59.08,0,65,38,21,8,0
460,16,63.56,60.85,0,45,30,14,8,0
461,16,63.59,59.15,0,67,36,20,9,0
462,16,62.94,60.51,0,63,36,19,11,0
463,16,59.28,60.4,0,55,38,18,9,0
464,16,60.43,59.65,0,53,29,14,8,0
465,16,62.19,59.45,0,62,40,19,11,0
466,16,61.68,59.69,0,59,38,20,10,0
467,16,63.26,60.36,0,73,41,22,10,0
468,16,61.04,59.36,0,54,38,18,10,0
469,16,58.71,59.15,0,52,32,17,9,0
470,16,62.98,59.25,0,77,48,25,13,0
471,16,61.32,59.53,0,57,35,20,10,0
472,16,60.48,58.75,0,57,39,19,10,0
473,16,61.97,59.48,0,52,42,20,10,0
474,16,61.01,58.95,0,72,50,23,12,0
475,16,59.12,60.11,0,61,41,20,10,0
476,16,62.03,59.3,0,56,34,17,9,0
477,16,60.51,58.85,0,60,36,19,9,0
478,16,61.82,59.18,0,63,41,20,11,0
479,16,59.25,59.38,0,60,37,18,9,0
480,16,59.92,58.4,0,62,39,20,11,0
481,17,59.23,59.42,0,58,41,20,10,0
482,17,62.62,60.04,0,61,35,21,9,0
483,17,58.92,58.77,0,56,32,18,9,0
484,17,59.1,58.87,0,71,45,22,12,0
485,17,58.71,59.23,0,63,35,19,9,0
486,17,59.55,60.27,0,70,47,22,11,0
487,17,60.93,58.73,0,68,39,21,11,0
488,17,60.18,60.53,0,64,42,21,11,0
489,17,60.72,58.26,0,63,38,17,10,0
490,17,61.1,60.02,0,59,37,19,9,0
491,17,59.93,60.13,0,54,31,18,9,0
492,17,60.26,59.75,0,55,35,17,8,0
493,17,57.36,59.64,0,58,37,20,10,0
494,17,58.5,59.14,0,84,54,26,14,0
495,17,58.92,59.78,0,71,44,21,11,0
496,17,59.53,59.87,0,71,41,20,11,0
497,17,60.3,59.49,0,60,39,20,10,0
498,17,60.82,58.91,0,56,37,19,9,0
499,17,61.18,59.87,0,53,35,17,9,0
500,17,60.35,59.41,0,64,42,22,11,0
501,17,60,60.09,0,69,43,20,12,0
502,17,60.68,59.17,0,47,38,19,9,0
503,17,58.95,59.75,0,61,44,21,10,0
504,17,58.73,60.64,0,56,44,19,9,0
505,17,58.39,59.34,0,62,40,20,10,0
506,17,59.44,59.2,0,63,39,22,10,0
507,17,57.92,59.35,0,51,36,19,9,0
508,17,59.58,60.82,0,63,35,18,10,0
509,17,60.22,58.42,0,71,43,22,11,0
510,17,57.75,59.82,0,50,35,20,10,0
511,18,56.95,59.27,0,51,35,18,10,0
512,18,58.24,58.61,0,62,32,20,10,0
513,18,56.22,58.88,0,73,49,23,13,0
514,18,57.73,58.97,0,57,37,17,9,0
515,18,57.14,60.13,0,59,43,23,11,0
516,18,57.87,59.98,0,60,36,18,10,0
517,18,57.23,59.36,0,58,35,19,10,0
518,18,58.45,59.04,0,52,31,19,9,0
519,18,58.41,59.64,0,60,38,20,10,0
520,18,55.85,59.9,0,45,28,14,7,0
521,18,58.36,59.47,0,64,38,21,11,0
522,18,57.45,59.62,0,60,43,21,10,0
523,18,56.83,59.17,0,62,36,19,10,0
524,18,58.9,59.47,0,59,35,18,9,0
525,18,59.52,59.69,0,45,27,14,7,0
526,18,58.8,58.4,0,62,46,22,11,0
527,18,57.98,58.79,0,52,36,19,9,0
528,18,57.9,59.16,0,63,44,23,11,0
529,18,57,59.39,0,60,35,19,10,0
530,18,57.51,59.52,0,54,39,20,8,0
531,18,57.98,59.35,0,61,40,21,10,0
532,18,57.84,59,0,69,40,17,10,0
533,18,58.64,59.32,0,49,31,16,7,0
534,18,59.14,59.05,0,64,36,21,12,0
535,18,56.91,59.07,0,62,44,21,10,0
536,18,55.52,59.21,0,71,43,21,12,0
537,18,57.48,59.37,0,55,34,21,10,0
538,18,58.22,58.27,0,61,36,19,9,0
539,18,57.95,59.69,0,54,32,16,9,0
540,18,58.42,59.53,0,54,36,18,9,0
541,19,56.01,59.97,0,52,35,17,8,0
542,19,57.53,58.63,0,61,36,18,10,0
543,19,58.17,59.33,0,60,42,22,12,0
544,19,57.16,59.98,0,51,32,16,9,0
545,19,56.97,58.5,0,68,38,20,10,0
546,19,55.25,58.76,0,55,37,19,9,0
547,19,57.35,59.1,0,59,39,18,10,0
548,19,57.25,59.32,0,60,32,17,9,0
549,19,55.87,58.91,0,58,40,20,9,0
550,19,56.64,59.64,0,67,44,23,10,0
551,19,54.53,59.82,0,52,35,17,9,0
552,19,54.77,59.65,0,53,37,18,9,0
553,19,56.26,58.12,0,52,31,15,8,0
554,19,57.29,60.19,0,59,34,18,9,0
555,19,56.42,59.27,0,63,34,20,9,0
556,19,57.98,59.99,0,64,39,20,10,0
557,19,57.21,59.95,0,80,47,26,13,0
558,19,56.86,59.62,0,58,38,18,10,0
559,19,56.94,57.73,0,53,33,16,8,0
560,19,58.16,59.1,0,53,34,17,9,0
561,19,56.74,60.5,0,54,32,18,8,0
562,19,57.24,59.57,0,58,32,17,9,0
563,19,56.31,58.66,0,68,36,21,10,0
564,19,55.94,59.62,0,52,31,18,9,0
565,19,55.67,58.87,0,61,39,20,10,0
566,19,54.96,59.26,0,59,36,19,9,0
567,19,56.54,59.21,0,56,36,16,9,0
568,19,56.11,59.27,0,60,42,18,10,0
569,19,58.61,58.73,0,67,38,19,9,0
570,19,56.94,58.39,0,59,38,21,10,0
571,20,53.32,59.48,0,51,31,17,8,0
572,20,54.13,59.32,0,59,37,19,10,0
573,20,55.52,60.07,0,53,36,18,10,0
574,20,55.75,58.85,0,58,36,18,9,0
575,20,55.63,59.51,0,70,44,23,11,0
576,20,55.94,59.72,0,52,35,16,8,0
577,20,54.43,59.87,0,49,31,16,8,0
578,20,53.95,58.93,0,64,39,21,10,0
579,20,53.99,59.74,0,54,31,16,9,0
580,20,53.41,58.94,0,47,27,14,7,0
581,20,57.23,58.06,0,63,44,21,10,0
582,20,53.73,59.51,0,53,30,17,8,0
583,20,53.98,59.14,0,72,41,20,11,0
584,20,53.51,59.68,0,54,34,17,9,0
585,20,55.9,58.83,0,53,34,16,8,0
586,20,55.69,59.29,0,58,36,19,9,0
587,20,53.72,60,0,67,42,23,10,0
588,20,54.64,59.44,0,61,38,19,10,0
589,20,55.02,59.57,0,63,34,21,9,0
590,20,55.25,59.89,0,55,32,20,10,0
591,20,56.28,60.36,0,65,38,21,11,0
592,20,54.58,58.92,0,61,40,18,10,0
593,20,54.93,60.62,0,57,30,18,10,0
594,20,53.87,59.12,0,60,39,20,10,0
595,20,53.65,59.07,0,65,38,18,10,0
596,20,54.07,58.67,0,53,33,20,9,0
597,20,53.45,59.2,0,65,38,20,10,0
598,20,55.7,59.34,0,62,37,18,10,0
599,20,54.35,59.06,0,46,36,19,10,0
600,20,54.26,58.61,0,57,36,19,10,0
601,21,55.75,58.88,0,44,27,14,7,0
602,21,53.68,58.58,0,47,30,13,8,0
603,21,54.48,59.24,0,62,41,18,10,0
604,21,53.47,60.45,0,53,32,16,9,0
605,21,55.06,58.45,0,50,29,15,7,0
606,21,55.03,59.25,0,54,32,18,8,0
607,21,55.2,58.83,0,56,35,17,10,0
608,21,54.06,59.2,0,41,33,15,7,0
609,21,53.57,59.87,0,53,32,17,9,0
610,21,52.92,59.73,0,48,32,17,9,0
611,21,53.08,59.43,0,62,44,24,11,0
612,21,53.05,59.62,0,63,36,19,9,0
613,21,54.19,60.17,0,52,34,16,9,0
614,21,54.41,58.22,0,56,29,16,9,0
615,21,52.75,59.64,0,53,42,20,10,0
616,21,52.01,59.72,0,53,31,16,9,0
617,21,55.38,60,0,42,26,13,7,0
618,21,54.14,60.19,0,52,35,18,9,0
619,21,53.36,58.72,0,68,42,19,10,0
620,21,51.84,59.48,0,62,36,20,10,0
621,21,53.5,58.93,0,49,33,18,9,0
622,21,50.22,59.16,0,66,38,20,10,0
623,21,54.16,58.28,0,40,28,12,7,0
624,21,53.97,58.58,0,53,39,18,9,0
625,21,50.7,59.31,0,50,34,15,10,0
626,21,51.37,58.32,0,70,45,19,9,0
627,21,53.02,59.56,0,63,38,20,10,0
628,21,54.18,58.8,0,57,39,19,8,0
629,21,52.77,59.51,0,62,41,20,9,0
630,21,54.11,59.45,0,52,35,17,8,0
631,22,53.77,58.22,0,49,29,14,8,0
632,22,51.45,58.98,0,61,36,21,9,0
633,22,51.46,59.73,0,52,32,16,8,0
634,22,52.51,59.59,0,53,29,17,8,0
635,22,50.46,59.36,0,58,36,17,9,0
636,22,49.39,59.42,0,62,36,18,9,0
637,22,52.35,59.39,0,52,33,18,9,0
638,22,51.31,59.76,0,59,34,18,8,0
639,22,53.84,58.71,0,48,30,14,7,0
640,22,53.93,60.33,0,47,29,14,6,0
641,22,50.94,59.61,0,55,38,18,10,0
642,22,50.8,58.47,0,50,34,16,8,0
643,22,52.02,58.73,0,56,35,19,10,0
644,22,52.68,58.63,0,38,25,11,6,0
645,22,50.33,59.11,0,54,35,16,8,0
646,22,52.49,58.16,0,57,38,19,9,0
647,22,51.8,59.71,0,46,30,15,8,0
648,22,51.9,58.69,0,48,29,13,7,0
649,22,54.62,60.06,0,57,34,17,8,0
650,22,51.27,59.3,0,45,30,15,7,0
651,22,51.3,59.22,0,44,29,14,7,0
652,22,52.79,59.87,0,49,32,16,8,0
653,22,50.24,59.61,0,59,36,18,9,0
654,22,53.05,58.66,0,56,32,16,8,0
655,22,49.76,59.97,0,43,32,14,7,0
656,22,51.38,59.01,0,55,34,17,9,0
657,22,50.53,59.52,0,52,31,14,8,0
658,22,50.68,58.83,0,48,33,16,8,0
659,22,52.33,59.28,0,59,31,15,8,0
660,22,50.93,58.99,0,39,25,12,6,0
661,23,48.56,59.47,0,47,32,17,7,0
662,23,52.76,59.07,0,56,36,19,9,0
663,23,50.34,59.13,0,51,31,15,8,0
664,23,48.04,58.51,0,39,24,11,6,0
665,23,51.64,58.17,0,50,29,15,7,0
666,23,50.37,58.97,0,57,34,18,8,0
667,23,51.1,59.92,0,47,29,15,8,0
668,23,49.27,58.69,0,58,32,16,9,0
669,23,50.35,59.6,0,54,36,19,10,0
670,23,48.26,59.24,0,50,32,15,9,0
671,23,50.44,59.08,0,53,32,16,9,0
672,23,48.1,58.37,0,61,37,20,9,0
673,23,51.94,59.05,0,51,32,17,8,0
674,23,54.2,59.77,0,45,30,15,7,0
675,23,47.34,58.91,0,60,35,17,9,0
676,23,52.17,59.4,0,52,31,14,8,0
677,23,51.38,58.1,0,55,29,15,8,0
678,23,53.47,58.61,0,52,38,16,9,0
679,23,50.5,58.04,0,56,35,18,8,0
680,23,52.63,60.19,0,54,36,17,9,0
681,23,51.86,58.81,0,51,31,17,9,0
682,23,50.42,59.2,0,54,30,16,9,0
683,23,48.46,59.07,0,55,34,17,8,0
684,23,50.98,59.32,0,44,30,17,7,0
685,23,49.71,59.54,0,45,30,16,8,0
686,23,49.23,59.48,0,58,36,19,9,0
687,23,49.13,59.19,0,54,33,17,8,0
688,23,51.15,58.81,0,49,38,18,9,0
689,23,49.4,59.86,0,35,25,14,6,0
690,23,50.71,59.02,0,50,34,16,7,0
691,24,51.07,60.05,0,63,37,19,9,0
692,24,49.15,59.14,0,51,33,15,8,0
693,24,47.96,59.66,0,44,29,15,5,0
694,24,48.38,58.88,0,56,35,14,9,0
695,24,47.05,58.31,0,60,37,18,9,0
696,24,49.47,58.67,0,62,37,17,8,0
697,24,48.59,59.82,0,45,27,12,7,0
698,24,48.22,58.88,0,56,33,16,8,0
699,24,51.42,58.6,0,40,28,13,6,0
700,24,45.93,58.6,0,50,35,16,8,0
701,24,49.22,58.57,0,37,24,12,6,0
702,24,46.05,58.39,0,39,22,13,6,0
703,24,48.4,58.05,0,46,24,16,7,0
704,24,46.09,59.17,0,40,29,12,6,0
705,24,47.82,60.25,0,56,32,15,8,0
706,24,50.43,59.3,0,47,29,14,8,0
707,24,48.65,58.68,0,51,33,16,8,0
708,24,48.34,59.5,0,42,27,14,7,0
709,24,47.87,58.59,0,48,28,15,7,0
710,24,46.82,58.97,0,49,28,16,8,0
711,24,46.9,59.58,0,46,33,15,7,0
712,24,48.93,58.75,0,51,32,15,8,0
713,24,46.21,59.16,0,61,35,19,9,0
714,24,48.33,58.98,0,56,37,17,9,0
715,24,48.27,60.11,0,56,32,16,9,0
716,24,47.8,58.77,0,56,28,16,8,0
717,24,48.72,59.72,0,55,35,16,8,0
718,24,48.16,59.38,0,56,35,16,9,0
719,24,50.08,58.46,0,48,29,15,8,0
720,24,48,58.6,0,49,32,15,8,0
721,25,46.08,59.83,0,40,29,12,6,0
722,25,46.46,57.7,0,51,28,14,7,0
723,25,46.62,59.83,0,45,35,15,8,0
724,25,45.96,60.02,0,53,37,19,9,0
725,25,46.04,59.2,0,46,32,15,8,0
726,25,47.25,58.66,0,49,28,13,8,0
727,25,48.34,58.34,0,46,29,14,6,0
728,25,45.85,58.42,0,42,28,14,8,0
729,25,45.58,59.1,0,50,32,15,8,0
730,25,47.27,59.33,0,51,34,15,7,0
731,25,48.25,59.1,0,48,32,17,8,0
732,25,46.52,59.27,0,52,30,14,7,0
733,25,48.44,59.65,0,54,31,16,8,0
734,25,48.82,59.15,0,42,28,14,7,0
735,25,48.94,58.46,0,39,28,12,7,0
736,25,45.37,59.25,0,48,31,14,8,0
737,25,43.3,58.64,0,50,29,15,7,0
738,25,46.56,59.01,0,56,34,15,8,0
739,25,48.73,59.27,0,53,35,16,8,0
740,25,48.9,59.18,0,52,32,14,8,0
741,25,46.61,59.55,0,56,32,17,9,0
742,25,50.8,58.96,0,47,29,13,7,0
743,25,45.86,58.99,0,40,27,13,7,0
744,25,44.87,59.48,0,35,26,11,5,0
745,25,43.85,59.01,0,50,32,16,8,0
746,25,46.11,58.29,0,48,29,15,7,0
747,25,45.36,58.39,0,48,35,17,9,0
748,25,47.04,59.24,0,53,33,15,8,0
749,25,45.11,57.8,0,37,22,10,5,0
750,25,47.79,58.76,0,45,31,15,8,0
